MerchantID,Name,Category,Location
9855,Santos-Jacobson,Entertainment,"291 Kevin Bridge Suite 303
Port Christopher, MA 76191"
3497,"Matthews, Mueller and Nichols",Restaurant,"661 Dale Mountains Apt. 785
South Cameronville, KS 49507"
1596,Perkins and Sons,Clothing,"440 Munoz Fort Apt. 620
Marshallborough, NV 63331"
5315,"Gonzalez, Mills and Young",Grocery,"638 Oconnor Drive Suite 601
Port Morganchester, AR 60982"
4916,Weber LLC,Electronics,"8848 Lucas Trail Suite 186
New Josemouth, NC 03919"
4116,"Hill, Medina and Garrett",Grocery,"5566 Carson Junctions Apt. 446
New Connorberg, IA 97200"
6158,"Baker, Baker and Brown",Electronics,"954 Jeffery Fords Apt. 630
Anthonyhaven, ND 35493"
4749,"Patton, Raymond and Walsh",Restaurant,"534 Kirk Forest Apt. 452
Perrychester, PW 23490"
7945,Hill-Roy,Electronics,"328 Hall Union Suite 780
Patriciamouth, NC 95542"
9714,Solis-Taylor,Restaurant,"26225 Boyer Ridge
West Zachary, IL 36814"
4551,Garrison-Farmer,Electronics,"701 Katherine Mission
Lewisbury, AL 21465"
9485,"Yoder, Clark and Allen",Electronics,"203 Brown Shoal Apt. 504
Alecton, NY 88499"
1485,Brown-Adams,Restaurant,"PSC 5178, Box 8826
APO AE 50669"
8760,Smith-May,Electronics,"91848 Colleen Skyway Suite 285
Allenshire, OR 27705"
2880,"Morgan, Bentley and Ruiz",Grocery,"4095 Page Ports Suite 942
Lake Mollyhaven, AR 24053"
4728,Underwood-Good,Clothing,"752 Kimberly Neck
New Briana, AS 37632"
8458,Carr-Galloway,Electronics,"644 Scott Summit Apt. 483
West Douglas, ID 60454"
9615,"Boyer, Cross and Parks",Entertainment,"7224 Smith Locks
Thomasmouth, WI 20492"
5801,"Johnson, Wells and Brown",Electronics,"631 Michele Skyway
West Jonathanview, IN 27647"
4305,"Bauer, Knight and Fitzgerald",Clothing,"890 Smith Green
West Patrickburgh, TN 61592"
8211,"Jones, Walker and Preston",Furniture,"22772 Matthew Stream Suite 030
Lake Justinhaven, IL 28267"
4990,"Figueroa, Phelps and Allen",Electronics,"155 Williams Locks Apt. 199
South Robertfurt, VI 91086"
2074,Wilson PLC,Furniture,"3164 Pace Port Suite 141
Port Adam, MN 92044"
1975,"James, Foster and Black",Entertainment,"4922 Elizabeth Knoll
East Pamelaton, CO 58351"
3569,Walker LLC,Furniture,"76980 Simpson Inlet Apt. 911
Rickeyberg, GU 17958"
2358,Galvan Inc,Clothing,"1202 Santiago Cliff Suite 591
Gardnerland, ID 79733"
4433,"Nguyen, Russo and Moran",Entertainment,"6813 Joe Underpass Apt. 127
West Craig, AK 05642"
5162,"Carroll, Watkins and Mayo",Electronics,"75773 Ramirez Center Suite 438
Brownhaven, AK 85303"
9779,"Smith, Watson and Stewart",Furniture,"1619 Michael Loop
New Travis, ME 04513"
4620,Curtis and Sons,Furniture,"08864 Stuart Via
North Judithstad, GU 63722"
2815,Garcia-Brown,Grocery,"550 Julia Estate
Port Adamborough, OK 09792"
2180,"Hansen, Jones and Baker",Grocery,"4981 Whitehead Isle
New Susanfurt, NE 60417"
4603,Brewer Ltd,Furniture,"88991 Jason Mills
Victoriashire, PR 35045"
2334,Mcdonald Group,Grocery,"0822 Barnes Stream
Lake Lindaport, IN 77383"
3320,Hall PLC,Clothing,"14486 Mia Wells
Donaldport, HI 75691"
8904,"Cross, Figueroa and Barnes",Grocery,"37969 Jordan Isle Suite 957
South Angelicamouth, SD 19002"
6383,"Parker, Nguyen and Payne",Electronics,"4098 Mckinney Junction Suite 578
Tracyville, IN 82967"
5413,Green PLC,Restaurant,"172 Chad Stream
North Sheriton, GA 50037"
2281,Floyd-Charles,Clothing,"65930 Russell Island
South Jeremy, MI 03092"
1712,"Carter, Khan and Stanton",Grocery,"220 Castro Drives
Kyleberg, NJ 54562"
4886,Franco-Stark,Furniture,"398 Lisa Well
West Ryan, TX 97150"
8726,"Burnett, Robinson and Ross",Electronics,"86008 Megan Springs
Middletonshire, CA 08525"
7204,Meyers-Flores,Furniture,"PSC 3674, Box 5990
APO AE 18770"
9697,Roberts and Sons,Clothing,"067 James Inlet
Timothyfurt, ID 63347"
5106,Wood-Smith,Entertainment,"061 Stephanie Mall Apt. 684
Stephenburgh, MS 33082"
5887,Guerrero-Morrow,Furniture,"9066 Jessica Divide Apt. 108
Coreyton, CT 55574"
1215,"Lopez, Ward and Le",Grocery,"304 Kelly Center Suite 647
Timothyborough, WY 00998"
4947,Spencer-Lopez,Clothing,"0343 Donna Centers Apt. 855
South Michael, GU 79756"
4020,"Alexander, Beck and Reynolds",Electronics,"9268 Simmons Rue Suite 351
Alvaradotown, TN 53799"
1505,"Campbell, Turner and Wyatt",Furniture,"73743 Myers Hill
Littlechester, ND 94946"
8596,Neal-Hudson,Electronics,"622 Rojas Ports
North Deborahton, PA 33746"
5191,Lyons-Wilson,Clothing,"2561 Bird Ways
Johnstonstad, OR 51076"
1440,Conner-Duran,Restaurant,"76532 Mclaughlin Ford
Staceyside, GU 78699"
6866,"Curtis, Huang and Dickerson",Electronics,"654 West Gateway
East Erinfurt, UT 29725"
5251,Hill and Sons,Entertainment,"45011 Johnson Springs
Lake Lisa, CO 94402"
7168,Maddox and Sons,Grocery,"6420 Phillips Drives Suite 790
Davidview, WY 86015"
1059,Wilkerson Group,Restaurant,"7246 Shaun Keys
Lake Cynthia, CA 27484"
1790,Perkins-Weaver,Electronics,"2572 Jessica Isle
North David, MP 74243"
8469,"Hooper, Miller and Anderson",Furniture,"94898 Anderson Springs
East Christophermouth, MH 60815"
5076,Weiss-Sanchez,Clothing,"7465 Edward Place
West Crystal, AZ 66340"
1266,"Peters, Moore and Johnston",Furniture,"06223 Navarro Stream
East Jamesland, VT 23356"
3071,White-Patton,Furniture,"480 Carpenter Corners Apt. 927
Heberttown, VI 33116"
6784,Patterson-Contreras,Entertainment,"4492 Nguyen Heights Suite 263
Jordanburgh, SD 91448"
1029,Jones Group,Clothing,"58970 Kevin Ridge Suite 069
East William, OR 83842"
7076,"Hale, Alvarez and Freeman",Entertainment,"08195 Eric Lodge
Kyleside, MI 52927"
5173,Jones-Kane,Entertainment,"Unit 9772 Box 8607
DPO AP 53638"
2799,Garcia-Rogers,Clothing,"810 Colleen Ridge
Moorehaven, PA 37809"
3056,Baker-Leonard,Entertainment,"6559 Henson Freeway
Mosleyside, AK 36218"
8195,"Joseph, Williams and Barber",Grocery,"4426 Lam Underpass
South Angelaport, OH 20204"
1608,"Hansen, Lin and Watson",Electronics,"863 Sanchez Club Apt. 892
Annabury, MO 55653"
6020,Chambers and Sons,Grocery,"40566 Jon Drive Apt. 585
South Daryl, NE 57857"
4940,"Bryan, Pena and Farley",Restaurant,"51152 Nathaniel Pines Suite 519
New Jaredmouth, KS 77093"
7297,"Ryan, Watson and Tapia",Grocery,"650 White Road Apt. 477
Amandahaven, OH 47624"
1091,Booker Ltd,Electronics,"2259 John Forks
Port Jody, LA 99590"
7652,Brown Group,Electronics,"164 Amanda Parks
North Brianview, DE 18758"
5616,"Castaneda, Best and Leonard",Entertainment,"29830 Kelly Roads Suite 025
Port Michael, VT 20265"
4028,Mendoza-Hayden,Clothing,"75191 Nicole Gateway
Lake Nina, OR 24816"
5896,Freeman PLC,Electronics,"35387 Ellis Field
North Ashley, MT 28965"
7160,Kelley LLC,Restaurant,"5373 Alexandria Tunnel Apt. 975
West Johnshire, CO 95042"
7858,Alexander LLC,Restaurant,"78818 Sarah Ferry
Garyview, CA 05793"
2248,Sanders Group,Furniture,"01760 Jody Village Suite 584
West Davidmouth, MP 50338"
2948,"Johnson, Flowers and Ray",Grocery,"1927 Baker Underpass
Lewisberg, CA 96755"
6331,"Fisher, Ford and Brown",Grocery,"122 Ramirez Divide Suite 720
Arthurmouth, KY 47214"
2450,Howard and Sons,Grocery,"PSC 5125, Box 9925
APO AA 77385"
3612,"Jacobs, Taylor and Sullivan",Clothing,"45823 Parker Well
Port Anthony, OH 94603"
4008,"White, Schultz and Sutton",Electronics,"744 Jeremiah Shoal Apt. 225
West Janetberg, PA 66205"
9136,Evans-Gibbs,Restaurant,"002 Michelle Road Suite 500
Meganstad, AK 83365"
8337,Malone-Ellis,Furniture,"18603 Leslie Street Suite 848
Hughesshire, AL 94908"
3719,"Pruitt, Hunt and Chavez",Furniture,"2008 Sean Dam
Leahmouth, NC 81101"
7792,Carr-Willis,Entertainment,"9697 Pruitt Glens
Clarkbury, AR 98353"
2007,Walters-Gibbs,Electronics,"235 Mark Squares Apt. 378
Woodfurt, VT 75295"
8707,Rodriguez-Miranda,Entertainment,"0058 Hughes Highway
Whiteberg, CO 42696"
1605,Gonzales-White,Clothing,"2425 Bennett Village
North Rhonda, KY 10767"
7706,Baker Inc,Clothing,"67967 Alvarez Plaza Suite 408
New Angelachester, MP 07007"
8825,Hayes Ltd,Clothing,"USNS Wilson
FPO AE 29126"
3471,Davis-Morgan,Restaurant,"51539 Danielle Mountain Apt. 419
Spencerland, FL 31874"
1827,"Jordan, Tucker and Branch",Electronics,"54435 Katie Square
North Johnmouth, AZ 32376"
1480,"Trujillo, Shaffer and Harvey",Entertainment,"15436 Acosta Drive
Gregoryside, TN 54603"
9253,Reynolds-Hall,Entertainment,"7781 Brandon Ways Apt. 555
New Brian, SD 62678"
6459,"Schaefer, Atkinson and Kent",Restaurant,"8061 Anthony Shoal Apt. 794
Josephburgh, KS 68713"
6890,Ryan Ltd,Clothing,"79026 Bryant Path Suite 430
South Daniel, MD 03213"
7493,Blackwell-Cantrell,Electronics,"4321 Catherine Mews Suite 613
North Matthewberg, ND 23298"
4542,Williams-Mitchell,Grocery,"351 Campbell Haven
South Dalton, AR 49268"
2363,"Johnston, Smith and Mayo",Furniture,"8613 Obrien Harbor
Port Brooke, IN 80271"
6382,Horn-Kaiser,Grocery,"69013 John Shoals
Dominiqueton, OR 14195"
2712,Hansen and Sons,Electronics,"062 Corey Bridge
South Anthony, WI 53694"
7570,"Miller, Taylor and Castro",Entertainment,"56643 Eugene Wall Suite 216
Robertsonfurt, WY 88559"
6936,"Smith, Mcbride and Reynolds",Restaurant,"3998 Miller Trace
West Patriciaton, LA 45594"
9901,Castillo Ltd,Restaurant,"03920 Kelley Lake
South Danielle, VI 72322"
5136,Campbell Inc,Entertainment,"8511 William Turnpike Apt. 466
Gardnertown, MI 26008"
4132,Duncan LLC,Furniture,"62129 Ramirez Ridges
North Jennifer, GU 63644"
9788,"Payne, Price and Harrison",Entertainment,"30864 Watson Avenue
Jasonview, AK 86110"
5748,Padilla-Lee,Clothing,"26183 Jonathan Wall
New Heather, ME 62883"
7818,Luna LLC,Grocery,"5469 Wiley Rapid
Nguyenport, MA 64403"
9527,Morgan-Campbell,Clothing,"24058 Kimberly Islands Suite 784
Lake Thomasmouth, TN 11166"
7237,Foster Ltd,Electronics,"739 Tracey Fort
North Raymondshire, GU 07948"
4293,Wright Group,Clothing,"76949 Kemp Corners
Simpsonstad, VT 36865"
3707,Miller PLC,Restaurant,"498 Rodriguez Junction Suite 310
Melissaborough, MN 47958"
1441,Suarez Group,Restaurant,"221 Avery Springs Apt. 188
Terryhaven, MT 44500"
2516,"Russo, Wilcox and Miller",Grocery,"21796 Russell Knolls
Sheltontown, PA 64565"
7713,Wise-Reilly,Electronics,"660 Douglas Brooks
East Jeffery, LA 35058"
9223,Potter Inc,Grocery,"Unit 1815 Box 4648
DPO AA 39275"
2558,Miller LLC,Furniture,"065 Joshua Isle Apt. 259
Hudsonside, CT 37981"
6195,Jimenez Group,Furniture,"00575 Patricia Skyway
Lake Bryce, AL 59315"
3757,"Nielsen, Gardner and Hernandez",Clothing,"410 Jessica Road Apt. 947
Mariaport, VI 78574"
2322,Wright LLC,Entertainment,"094 Rodriguez Ferry Apt. 867
East Ashleyhaven, RI 14019"
3332,Young and Sons,Entertainment,"3591 Bowers Divide Suite 889
North Tom, AR 26242"
5213,Myers-Singh,Entertainment,"5430 Jeffrey Flats Suite 789
Port Joelview, OH 35295"
6080,"Warren, Davis and Green",Entertainment,"519 Frank Alley Suite 504
Lake Josephport, KY 72720"
2410,"Roberts, Figueroa and Schmidt",Grocery,"015 Sara Point
Emilybury, OK 25084"
2465,Wilson-Perez,Furniture,"52651 Sexton Inlet
Bryanhaven, NC 77424"
3321,Robinson-Hall,Grocery,"079 Margaret Well
New Diana, GU 78479"
4348,Turner Group,Restaurant,"3046 White Alley
Lake Angela, NV 80504"
9948,"Stewart, Bowers and Maxwell",Restaurant,"647 Nichole Mountain
South Michaelhaven, IN 28026"
2763,Ramirez-Davis,Grocery,"0867 Moore Ranch
Marissabury, WI 95853"
7686,Williams-Gomez,Clothing,"628 Mills Crest
Bobborough, OK 70947"
6900,Simpson-Weaver,Furniture,"4204 Joseph Circle Apt. 483
North Breannashire, VT 83426"
4444,Love and Sons,Entertainment,"8050 Bethany Burg Suite 742
Steventon, DE 92370"
5068,Smith Inc,Grocery,"185 Glover Land Suite 018
New Mitchellburgh, IL 37812"
1167,Thompson-Dean,Entertainment,"Unit 2492 Box 1905
DPO AE 75090"
7108,Haney-Smith,Electronics,"717 John Cliffs Suite 289
Port Stephenfurt, MS 05685"
5715,Bailey-Harris,Restaurant,"825 Zimmerman Parkway Apt. 765
Port Lesliehaven, DC 19231"
9003,"Black, Smith and Guzman",Restaurant,"9483 Sally Ridges Apt. 336
Ramirezville, PW 98405"
8899,"Lewis, Kennedy and Mckinney",Electronics,"1787 James Ridge Apt. 353
Snyderhaven, WA 70889"
1249,Henry Ltd,Grocery,"7458 Robert Valley Suite 286
Travisbury, MA 08940"
8672,Buchanan Group,Grocery,"3834 Cross Stravenue Suite 254
New Deborahmouth, MH 32028"
9214,Brown-Hall,Electronics,"51286 Nicholas Summit
Juliefort, MD 49023"
2284,Glass LLC,Clothing,"941 Kayla Extension Suite 894
Cabrerashire, NH 16572"
9701,King-Lawrence,Clothing,"35509 Richards Lakes Apt. 814
Danielborough, NJ 62440"
3913,Torres-Cox,Grocery,"889 Emily Meadows Suite 181
Lake Alexander, DE 19445"
1362,Peterson-Hodges,Restaurant,"86787 Kelly Fords
Scottfurt, OH 33983"
2554,"Hernandez, Barron and Smith",Electronics,"53226 Huff Crossing Apt. 602
North Eugene, DE 01661"
5018,Lee and Sons,Clothing,"2533 Paul Trail
Walkerstad, AK 63648"
5759,Greene Ltd,Entertainment,"23544 Watts Place Apt. 830
East Reneeside, NM 91121"
3142,"Walker, Green and Wagner",Electronics,"PSC 4742, Box 8369
APO AP 63150"
1752,Farmer-Romero,Restaurant,"1951 Duffy Bypass
Grahamtown, NJ 11506"
1811,"Walls, Hoover and Kelly",Grocery,"PSC 3531, Box 6391
APO AE 13171"
1554,"Smith, Rodriguez and Davidson",Electronics,"536 Shannon Viaduct Apt. 827
Williamsport, GU 78718"
1876,Barnes LLC,Entertainment,"USCGC Howard
FPO AE 12244"
1684,"Coleman, Ochoa and Grant",Restaurant,"2639 Woods Ville
New Hannahborough, VI 03125"
2675,Hernandez-Mills,Electronics,"18339 Melissa Roads
Annside, PW 91417"
4379,Larsen-Gould,Electronics,"42065 Wu Loaf
Huangmouth, VT 02109"
1506,White PLC,Grocery,"27450 Davis Circles
Watsonshire, AS 84151"
8794,Miller-Wood,Electronics,"635 Lynn Path
Freyshire, GU 53842"
1496,"Jennings, Blair and Douglas",Clothing,"4185 Lane Burg
South Patriciamouth, NH 17558"
4195,Moore-Butler,Restaurant,"766 Natalie Corners Suite 698
Hartbury, MP 27141"
2219,Conway and Sons,Furniture,"78493 Camacho Lodge
Mccoymouth, MP 29226"
1674,Castillo-Miller,Restaurant,"319 Robbins Shore Suite 202
New Caitlin, AZ 96865"
6082,"Love, Jensen and Richardson",Grocery,"906 Michael Park
Johnsonton, FL 99071"
5309,"Sanders, Garcia and Jones",Clothing,"4644 Jacob Keys Suite 537
Gibsonshire, OK 28508"
5599,Luna Group,Entertainment,"961 Jason Garden
Wayneville, AR 85081"
1159,"Roberts, Vaughn and Goodman",Clothing,"829 Scott Mill Apt. 205
Amandabury, AS 80903"
4464,Chen-Lewis,Clothing,"1076 Bailey Park
Sanderschester, CO 70036"
5038,Walsh Ltd,Clothing,"5049 Stone Union Apt. 155
Pamelachester, CA 86442"
2662,"Wood, Rodriguez and Barr",Entertainment,"0824 Fernandez Way Apt. 453
New Jillview, MI 26973"
1570,"Morse, Davis and Young",Entertainment,"2828 Harrison Wall
South Melinda, VI 10029"
9506,Beltran-Johnson,Electronics,"9279 Wilson Mountains
Port Darrellview, CA 34449"
6404,Campos-Mills,Furniture,"280 Thomas View
Franciscoburgh, TN 42598"
6971,"Wu, Williams and Diaz",Restaurant,"6563 Vicki Overpass Apt. 117
South Michaelbury, TN 06982"
9596,Martinez Inc,Grocery,"003 Andrade Ranch Apt. 028
New Renee, MI 58899"
6829,Gallagher-Bolton,Clothing,"936 Chan Overpass Suite 994
Stephaniefurt, CO 21560"
8543,Williams-Waters,Restaurant,"USNS Briggs
FPO AE 67414"
3163,Short Ltd,Furniture,"26581 Johnny Cove
Jodymouth, LA 27835"
4084,Brooks-Harris,Grocery,"0720 Christine Shoal
Kingstad, NC 97478"
5911,Shaffer Inc,Electronics,"91101 Martinez Run
West Brian, SC 71080"
7373,"Flores, Jimenez and Thompson",Restaurant,"0008 Hoffman Grove
Lake Joshua, CO 50808"
6421,Moore-Willis,Clothing,"7578 Jessica Walk Apt. 951
Port Zachary, IA 58818"
1067,Molina Inc,Furniture,"Unit 3898 Box 7885
DPO AE 14661"
4599,Gray-Vaughn,Entertainment,"49356 Morton Mountain
Phillipsberg, MI 66223"
1615,Carter-Robinson,Restaurant,"4182 Wallace Key
Lake Christina, WV 62595"
1671,Gibson Ltd,Furniture,"40979 Hopkins Path Apt. 771
Lake Ashley, AL 42465"
5445,Andrews PLC,Restaurant,"Unit 2200 Box 3582
DPO AE 33753"
7848,Adams Group,Electronics,"USCGC Curtis
FPO AE 30038"
4509,"Hicks, Molina and Jones",Entertainment,"85724 Miguel Meadows
Crawfordtown, MD 63063"
3993,"Gentry, Thomas and Costa",Furniture,"706 Shelton Manors Apt. 645
West Jeffrey, LA 10883"
6918,"Sullivan, Hood and Price",Electronics,"75618 Anderson Shoal
South Melissa, NJ 30070"
2482,Hood-Evans,Electronics,"05552 Susan Meadows Suite 181
Aprilburgh, NY 37211"
5086,Rodriguez-Black,Entertainment,"91476 Willis Spurs
Antonioport, WY 15059"
5354,Hayes-Oneill,Electronics,"396 Johnson Lake
West Kellytown, MD 87602"
8955,Williams Group,Restaurant,"72617 Hatfield Wells Apt. 249
Garciamouth, NM 27384"
6124,Mendoza PLC,Grocery,"5642 Powell Trail
Lauraport, NM 43130"
8599,Nelson-Riddle,Grocery,"1267 Danielle Vista
Odombury, HI 50402"
3543,Moreno-Kennedy,Restaurant,"507 Harrison Neck Suite 312
Port Anthonybury, SC 56639"
9255,Banks Ltd,Electronics,"PSC 3498, Box 4250
APO AP 57886"
6671,Faulkner and Sons,Entertainment,"52544 Stewart Junction
Thomasstad, UT 73164"
2261,Cooper Inc,Electronics,"37073 Ramirez Mission Suite 666
Zimmermanview, MA 66103"
8565,Pearson-Brown,Electronics,"0962 Parrish Gateway
Joystad, VI 73910"
5611,Mills-Taylor,Furniture,"051 Marshall Ford
Port Deannaville, NY 37577"
4530,"Richardson, Murray and Castillo",Grocery,"57695 Higgins Plaza Apt. 868
Robertshire, PW 38916"
9245,Olsen-Huff,Clothing,"600 Smith Village Apt. 917
Carpenterfurt, PA 46871"
1578,"Irwin, Kramer and Sweeney",Furniture,"5654 Jennifer Glens
Justinport, NY 07799"
9081,Boyd LLC,Clothing,"739 Caroline Vista
South Cynthia, KY 91103"
2224,Gonzalez-Martinez,Furniture,"108 Michael Groves Apt. 074
Lake Jeremymouth, OH 63078"
5220,Levy Ltd,Furniture,"200 Tom Dam Suite 798
Port Lisaport, SC 49746"
7929,"Robinson, Deleon and Lane",Furniture,"PSC 1498, Box 9108
APO AE 33008"
1830,"Stevenson, Brooks and Buchanan",Electronics,"528 Brian Court Apt. 902
Port Ashleyland, UT 39247"
9461,Fitzgerald PLC,Electronics,"339 Martinez Causeway
Elizabethland, KS 73249"
5857,Foster-Silva,Restaurant,"74258 Matthew Wall Apt. 483
Scottstad, ND 81206"
3674,Adams-Humphrey,Grocery,"USCGC Flores
FPO AA 37274"
5592,Armstrong LLC,Entertainment,"513 Wiggins Creek Apt. 048
Port Michelleside, NE 35256"
9168,"Carr, Watson and Armstrong",Clothing,"0043 Anthony Circle Apt. 984
Melvintown, IA 41361"
8086,Byrd and Sons,Restaurant,"4850 Wheeler Cliff
Port Dawnstad, VT 15413"
1133,"Oconnor, Norman and Phillips",Clothing,"78014 Donna Unions
Adrianafurt, WA 01658"
2285,Harris-Montes,Furniture,"67848 Mariah Well Apt. 823
North Oliviaside, MS 03758"
7745,"Cantu, Mcmillan and Carpenter",Electronics,"36181 Ford Ridges
Lake Melissachester, HI 79430"
2589,Kim-Cowan,Entertainment,"709 David Trail Apt. 290
Sherrimouth, DC 40565"
2548,Mcgee-Swanson,Restaurant,"1882 Carol Meadow
North Tomton, FL 84177"
6986,Parker-Barber,Clothing,"06896 William Trail
South Karenton, MO 05005"
8544,Gomez-Mcguire,Restaurant,"745 Zachary Branch Suite 170
Adamberg, TN 77134"
2402,Miller Ltd,Electronics,"146 Amber Throughway Suite 199
New Ericachester, IL 05962"
6162,Phillips-Baldwin,Furniture,"207 Mary Grove Apt. 121
Jamesbury, NJ 32377"
6160,Sullivan PLC,Grocery,"99561 Cody Drive Apt. 551
West Christopher, MI 81569"
2331,Taylor Group,Restaurant,"938 Carey Trail
West Mark, NC 28548"
7803,Walls and Sons,Entertainment,"9285 Rivera Way
Donaldburgh, ME 27854"
5904,Martin and Sons,Furniture,"857 William Radial
New Oliviashire, OH 66017"
7581,"Cole, Yates and Rose",Clothing,"040 Tiffany Shoal
New Chase, MI 91656"
6573,Mack and Sons,Grocery,"35427 Katherine Island
Lake Kylehaven, AS 34511"
1911,"Mccarthy, Coleman and Kennedy",Entertainment,"PSC 3748, Box 0979
APO AE 79074"
9794,Chan Inc,Electronics,"6315 Angela Turnpike Apt. 977
Bullockbury, MP 64539"
7717,Schneider-Henderson,Furniture,"403 Perkins Oval Apt. 711
Thomashaven, PW 29683"
8806,Long LLC,Grocery,"16826 Parks Pines Apt. 694
Cooktown, NC 29609"
9151,Williams-Martin,Clothing,"Unit 1481 Box 0888
DPO AE 07306"
9789,Murphy-Burke,Entertainment,"261 Stephen Junction
East Pam, PA 14729"
9928,"Austin, Jones and Bowman",Furniture,"2220 Curtis Crest Suite 087
West Vanessastad, AR 09858"
7672,"Gilbert, Pugh and Davis",Furniture,"USNV Rodriguez
FPO AP 74359"
4268,Butler PLC,Grocery,"Unit 9357 Box 8475
DPO AE 45301"
7806,"Myers, Keller and Mack",Restaurant,"070 Wilson Shores
New Michaelport, VA 62450"
2672,Ayers-Bonilla,Entertainment,"4788 Michelle Lock Suite 363
Thompsonfurt, ME 84645"
1648,Cohen and Sons,Entertainment,"01035 Lisa Summit Apt. 008
Keithside, WY 99383"
8036,"Clark, Hall and Ho",Restaurant,"20853 Rickey Valley
Owenborough, MN 58622"
5138,Allen Inc,Furniture,"25778 Kathleen Trail
Julieside, WV 58744"
8822,"Rivera, Smith and Bryan",Clothing,"070 Jennifer Plains
West Michael, VA 40009"
6662,Rogers Group,Furniture,"6652 Haley Flats Apt. 872
Lake Michael, SC 70956"
9499,Trujillo LLC,Entertainment,"67539 Reeves Avenue
East Cody, OH 92434"
5410,"Graham, Butler and Leonard",Furniture,"0034 Soto Underpass
East David, NM 12733"
8473,"Sanchez, Barrett and Wall",Entertainment,"61630 Mccormick Valley
East John, TX 12466"
6013,Nelson-Brown,Entertainment,"697 Monica Freeway Suite 564
West Lisa, NV 46654"
5711,"Wood, Davis and Bruce",Clothing,"39788 Ibarra Spring
North Richardburgh, MP 75607"
9284,"Williams, Brooks and Elliott",Restaurant,"732 Barr Land Apt. 892
Hawkinsburgh, VA 29103"
6259,Holmes Ltd,Electronics,"1493 Martinez Groves Apt. 022
North Melanie, MN 91816"
1999,"Andrews, Little and Morgan",Furniture,"78151 Nelson Gardens
Port Justin, IN 06795"
1967,"Carter, Hayes and Allen",Entertainment,"2896 Bean Crossing Apt. 920
Baileyberg, IN 33327"
3343,Gould Ltd,Restaurant,"251 Hess Square
East Kathybury, ID 77976"
3875,"Johnson, Hernandez and Payne",Restaurant,"6672 Campbell Springs
South Angela, AL 88020"
5600,"Rivera, Huff and Diaz",Entertainment,"241 Michael Forge
South Jameston, UT 74200"
2362,"Hall, Smith and Ortiz",Furniture,"6388 Solomon Orchard
Jeffreyhaven, MD 59113"
6893,Savage-Davis,Clothing,"10099 Sara Plain Apt. 680
Fitzpatrickton, MI 43577"
9564,Boone-Holt,Entertainment,"Unit 1190 Box 9013
DPO AA 57941"
5196,"Gillespie, Jackson and Green",Restaurant,"6077 Oconnell Ville Suite 577
Padillaberg, CT 93845"
7830,Decker-Wu,Entertainment,"957 Lane Garden
Jasonview, WY 03482"
1996,"Carroll, Lowe and Huffman",Grocery,"PSC 7092, Box 8059
APO AP 16181"
3608,Riley-Mcguire,Grocery,"193 Robert Park Apt. 730
Port Jeanette, MD 91404"
6330,Wilson LLC,Entertainment,"41375 Wilson Park Apt. 415
Michelleshire, CO 05160"
8673,"Richard, Bailey and Lowery",Furniture,"748 Ortiz Tunnel
Shepherdberg, FL 45874"
2282,Nunez LLC,Clothing,"884 Walters Tunnel
South Angel, AL 63768"
6789,Sanders-Davis,Clothing,"8781 Robert Centers Apt. 506
Davisborough, IL 67689"
4007,Johnson-Morgan,Entertainment,"9051 Christopher Station
Cindyfort, OR 47746"
7044,Peterson Ltd,Clothing,"Unit 0874 Box 5010
DPO AE 76459"
2404,Schroeder-Hendrix,Restaurant,"161 Laura Stream
Danielsland, OR 88453"
9604,"Fisher, Young and Ward",Restaurant,"039 Alexandra Port Apt. 783
West Tylerport, VT 14026"
5421,Davis LLC,Furniture,"4879 Potter Station
North Scott, AZ 29278"
7039,"Williams, Wyatt and Fritz",Entertainment,"8073 Richard Motorway
Hayesland, UT 23309"
3574,Patel Ltd,Restaurant,"PSC 9552, Box 3831
APO AE 79104"
8645,Hurst-Mcgee,Grocery,"2278 Sean Cliff
Brownstad, VI 40874"
1314,"Watson, Perkins and Whitney",Electronics,"186 Amanda Camp Apt. 660
South Allison, OR 19599"
4822,"Lucas, Cox and Holmes",Clothing,"39095 David Street
Richardland, LA 96097"
7833,"King, Contreras and Weber",Grocery,"0271 Anthony Views
West Ashley, AZ 76818"
8455,Beck Inc,Grocery,"1086 Best Key Apt. 008
Port Meganside, IL 77219"
9366,Clark Inc,Clothing,"56926 Kemp Isle Apt. 984
Cookborough, OR 20387"
4564,Smith LLC,Grocery,"2058 Bennett Springs Suite 099
Port Derekview, AZ 13897"
2949,Bowers Inc,Entertainment,"8798 Brittany Circle
East Benjaminhaven, VT 71030"
4484,Cruz-Meyers,Clothing,"372 Hawkins Street
East Crystalland, GA 97494"
4292,"Sharp, Cantrell and Pitts",Grocery,"PSC 7432, Box 5991
APO AP 65026"
1012,Gallegos Inc,Restaurant,"904 Mcguire Village
Roweton, WV 04229"
8870,Alvarez Inc,Grocery,"33147 Smith Greens Apt. 048
New Amanda, TN 64818"
6686,Henderson and Sons,Furniture,"609 Lara Ramp Apt. 330
Haydenport, KY 29161"
8127,Bryant Group,Restaurant,"2341 Sutton Ranch Suite 397
Gibsonview, MP 85987"
3222,Luna-Larsen,Electronics,"8531 Amanda Expressway Apt. 754
West Tonimouth, SC 06528"
5487,"Johnson, Evans and Martinez",Furniture,"471 Adam Street Suite 266
Gregorybury, SC 12149"
6155,"Cruz, Gonzalez and Wolf",Furniture,"Unit 3787 Box 3978
DPO AE 81884"
7808,Leblanc Inc,Furniture,"2535 Robert Meadow Suite 380
Port Angel, ME 63025"
4819,Sloan-Norris,Furniture,"626 Henry Garden
Lake Calvinchester, SC 17268"
3006,Guzman-Rodriguez,Electronics,"915 Linda Glens
South Amy, GU 60403"
2397,Delgado-Barnes,Grocery,"7655 House Loop Apt. 043
Lake Heather, RI 49782"
8924,Jones-Hess,Furniture,"377 Robert Station
Davidtown, PA 41671"
5334,Miller and Sons,Electronics,"7322 Williams Unions
Port Elizabeth, MP 47692"
2902,Buck-Cain,Entertainment,"8944 Hernandez Row
North Amanda, MA 25197"
2122,Davis-Bowers,Furniture,"2957 Dennis Pass Apt. 028
East Robert, NH 68584"
9656,Hernandez-Ho,Electronics,"733 Veronica Dale Apt. 862
Marksfort, PW 33901"
1452,Thompson LLC,Restaurant,"1074 Kennedy Lights
Robertberg, MI 45465"
7647,"Mclaughlin, Cardenas and Gonzalez",Entertainment,"PSC 1568, Box 1792
APO AA 90896"
5361,"Kaiser, Mcdonald and Brewer",Clothing,"315 Munoz Well
Keithmouth, MO 89492"
4823,Smith and Sons,Clothing,"PSC 7416, Box 8253
APO AE 64982"
7386,Molina LLC,Clothing,"7738 John Haven
Emilyshire, WI 08790"
4820,Chandler Ltd,Clothing,"958 Bates Mission Suite 068
Samanthaside, LA 04864"
6587,Guerra and Sons,Clothing,"487 Blanchard Squares Apt. 415
East Meredithside, TX 95107"
3423,Anderson LLC,Clothing,"655 Kelly Lodge
New Marcusland, WV 38261"
4330,Garcia-Miller,Furniture,"64428 Carr Squares Suite 869
Markside, NM 68514"
9973,"Powers, Stone and Nelson",Furniture,"683 Johnson Valleys Suite 496
East Elijah, VT 82934"
9743,Jimenez and Sons,Clothing,"09032 Cabrera Viaduct Apt. 181
East Ryanland, MO 70599"
7197,"Davis, Johnson and Lang",Electronics,"80329 Daniels Spurs
Stevenchester, MN 27269"
5190,Owens-Reid,Entertainment,"6411 Aguilar Island
East Madeline, GU 25345"
2666,Wall Inc,Grocery,"Unit 0062 Box 2466
DPO AP 60502"
9941,Perry LLC,Electronics,"52903 Dennis Springs Apt. 118
Clarkview, VT 83089"
4147,Moon Group,Electronics,"197 Kimberly Loop
Pricemouth, SC 44922"
7350,"Mathews, Smith and Clark",Electronics,"2643 Derek Land Suite 915
Anthonyshire, SD 45657"
8248,Fry-Price,Clothing,"9146 Mcbride Cape
East Valeriemouth, IA 20085"
9428,"Daniel, Kramer and Ramirez",Furniture,"72383 Thomas River
North Kelseytown, VI 17367"
7003,Chavez-Ramirez,Grocery,"1125 Shields Meadow
Buckleyshire, AK 74356"
1902,"Nichols, Brown and Taylor",Furniture,"470 Joseph Motorway Apt. 178
Lake Jessicamouth, NH 12430"
2433,Sparks-Anderson,Restaurant,"974 Lopez Green
North Jonathanview, OK 66632"
5295,Johnson LLC,Electronics,"6654 Sarah Turnpike
Roberttown, CO 29773"
5971,Gibson-Harris,Furniture,"6523 Tanya Centers
Angelahaven, MN 50045"
1740,"Dominguez, Jones and Baldwin",Electronics,"PSC 8649, Box 6190
APO AP 31552"
7218,Brown Inc,Clothing,"351 Powell Cape
West Claudiaborough, TX 39204"
6170,Newton PLC,Electronics,"0859 Ferguson Lakes Apt. 498
Port John, FL 03361"
8321,"Kaiser, Contreras and Robinson",Clothing,"83964 Matthew Mount Suite 464
Martinview, WI 56901"
5270,Cardenas-Smith,Electronics,"2933 Jones Ridges Suite 068
East Andrewmouth, DC 08784"
4272,Parker Ltd,Electronics,"19737 Johnson Route
Bentonbury, CA 30761"
6074,Price-Williams,Entertainment,"7294 Christina Pines Apt. 254
Woodfurt, VT 98355"
5150,Jordan and Sons,Clothing,"5387 Anita Islands
Leland, UT 35287"
8070,Kennedy Inc,Electronics,"090 Bond Plaza Suite 401
Mcconnellberg, GA 95383"
5621,Snyder LLC,Furniture,"40360 Megan Place
Port David, NH 53992"
2457,Smith Ltd,Entertainment,"30709 Martin Skyway
Port Josephside, VT 35249"
2571,"Harper, Ward and Norman",Grocery,"29489 Kathryn Freeway Apt. 012
Davidport, MI 51674"
5087,Morales Inc,Grocery,"43602 Brown Dam Suite 908
Marissamouth, PW 64566"
4779,Hernandez Inc,Furniture,"4803 Stevens Crossing Suite 494
Wilkinsberg, MP 60800"
2756,Miller-Ball,Restaurant,"1681 Jose Course
South Kyle, FM 80411"
9254,Guzman Inc,Furniture,"029 Johnson Spur Suite 466
Dayview, FL 63520"
8346,Berry-Zimmerman,Grocery,"Unit 7854 Box 0269
DPO AP 77220"
1624,Diaz LLC,Clothing,"76192 Tim Stravenue Apt. 422
Torresland, SD 77449"
5007,Collins and Sons,Electronics,"7510 Nicholas Ridges
Taylorton, MP 61357"
1948,Williams-Robbins,Entertainment,"24917 Stevens Pike
West Robertohaven, NY 37879"
4012,"West, Stewart and Bray",Restaurant,"6966 Tucker Burg Apt. 578
Hayleyview, AR 57518"
4265,Contreras LLC,Entertainment,"PSC 7171, Box 7625
APO AP 65599"
8186,"Heath, Parks and Li",Electronics,"368 Bobby Drive Suite 841
Port Lisa, NM 75238"
5727,"Hopkins, Spears and Shaw",Furniture,"60440 Lee Fort
Lake Rebecca, VI 35495"
8718,Moon LLC,Clothing,"8437 Sara Villages Suite 616
Blackfort, RI 57100"
8639,Perkins-Wiggins,Entertainment,"0909 Mcmillan Lights Apt. 692
Port Jefferyborough, VA 39359"
3468,Wheeler-Rodriguez,Clothing,"39333 Edwards Bridge Apt. 086
Danielbury, WY 06907"
8433,Cisneros Inc,Clothing,"USNV Garcia
FPO AP 64442"
3440,Smith-Lopez,Restaurant,"467 Justin Viaduct
Jonesmouth, TN 59573"
9498,Harris-Jensen,Restaurant,"USS Baker
FPO AE 14149"
5192,Johnson-Warner,Furniture,"927 Ross Union Apt. 013
Lake Lisaton, HI 21951"
4451,Sullivan and Sons,Grocery,"18643 Aaron Drive
East Kelly, NV 95366"
4884,Flores-Jackson,Furniture,"31330 Anna Stream
Russellchester, AL 94618"
3242,Valenzuela Ltd,Grocery,"7692 Nicole Throughway Apt. 509
Paulburgh, IN 29370"
5999,"Ayala, Ramos and Campbell",Clothing,"USS Norris
FPO AE 73161"
7394,Gardner-Rodriguez,Furniture,"323 Jennifer Groves Apt. 084
Jonshire, ND 30617"
9544,Perez Inc,Restaurant,"582 William Unions Suite 151
Lake Tracychester, NM 78216"
1040,Ochoa Group,Entertainment,"71386 Daniel Shores
Deleonborough, MT 24441"
6175,Gomez-Nelson,Furniture,"891 Cummings Vista Apt. 322
North Vincent, VT 42694"
2620,James-Meyers,Entertainment,"USNV Dixon
FPO AE 91944"
3602,Page-Hicks,Furniture,"76889 Robert Island Apt. 354
Johnsonbury, VI 13139"
9019,Shepherd Inc,Electronics,"31506 Richmond Shore Apt. 892
Josephmouth, IL 01602"
6472,Johnson LLC,Entertainment,"141 Eric Key
Walshmouth, VT 41220"
3037,"Brown, Mcmillan and Price",Electronics,"8538 Matthew Turnpike Suite 542
Hayesfurt, PR 51337"
4973,Moore Ltd,Restaurant,"9222 Henderson Fords Suite 211
North Stephenton, KY 57528"
6366,Kemp LLC,Clothing,"159 Jason Motorway
East Philipborough, MT 89691"
9776,"Bass, Reed and Roth",Restaurant,"34935 Diane View
Cristianton, NM 82295"
1320,Hudson-Walls,Entertainment,"436 Kristina Estate
North John, VT 46774"
1761,Snyder Group,Furniture,"2053 Robinson Roads Suite 992
North Morganland, NH 45475"
8317,"Bray, Duncan and Cabrera",Grocery,"0585 Dominique Crossing Apt. 009
South Paulmouth, MI 03654"
2769,Stafford PLC,Clothing,"000 Benjamin Skyway Apt. 522
Robertsmouth, DE 22109"
8541,"Benitez, Rhodes and Moore",Entertainment,"804 Elliott Ramp Suite 853
New Melinda, NV 59820"
9055,"Burnett, Paul and Liu",Furniture,"270 Clifford Spring Suite 491
Matthewstad, PA 20687"
2573,Smith LLC,Furniture,"Unit 9940 Box 3771
DPO AA 56716"
5383,Torres Inc,Furniture,"4244 Kimberly Stravenue
New Brianna, MO 72212"
6190,Reyes PLC,Grocery,"394 Peterson Station Apt. 807
Michaelstad, GA 20853"
9228,Oconnor Ltd,Grocery,"14246 Walters Mission Apt. 418
Lake Sabrina, WI 30739"
3221,Kline Group,Furniture,"851 Rush Isle
South Michelleville, WY 47190"
6961,Rodriguez Inc,Restaurant,"389 Christopher Isle Apt. 836
Elizabethville, MP 73648"
3573,Adams and Sons,Electronics,"79123 Karen Ways
West Robert, TX 77750"
7319,Daugherty-Love,Clothing,"315 Carlson Trail Suite 458
Markfurt, SC 93648"
6691,"Stewart, Jones and Davis",Clothing,"90467 Julia Avenue Apt. 362
Oliviaville, NV 95188"
4079,Ballard-Carter,Furniture,"75165 Henson Summit
New Timothyburgh, ND 73176"
7693,Ortiz and Sons,Restaurant,"53843 Andrew Stravenue Apt. 267
Claudiahaven, FL 94526"
5450,Hardin Group,Restaurant,"97989 Kimberly Curve Apt. 527
New Kimberlyville, CT 50740"
9357,"Stone, Ramos and Brown",Electronics,"7481 Keller Lane Suite 504
Jeanmouth, AL 52476"
2244,"Hayes, Schultz and Fowler",Grocery,"41256 Lopez Pass
Toddstad, WA 20662"
8347,"Wallace, Wise and Russell",Restaurant,"PSC 0045, Box 3100
APO AA 08031"
6868,Hawkins LLC,Restaurant,"2470 Michelle Centers
New Michellehaven, PA 16179"
3043,"Smith, Osborne and Holt",Grocery,"6551 Cook Rest Apt. 037
Port Kyle, KY 06095"
8151,"Ford, Lang and White",Electronics,"64123 Kevin Green Apt. 349
East Lauren, MI 63792"
3421,"Meza, Orr and Lopez",Furniture,"239 Fowler View Apt. 339
Amyville, NH 83714"
5430,Gonzalez and Sons,Restaurant,"588 Lisa Dam
Hughesview, UT 37199"
7513,Brown Inc,Furniture,"11115 Rebecca Island
New Josephland, AZ 05918"
2988,"Gonzalez, Buchanan and Ellison",Restaurant,"882 Davis Crossing
West Kerryville, MT 75809"
7203,Martinez-Whitney,Entertainment,"83494 Christopher Tunnel Suite 364
Bishopville, WA 54229"
8095,Parker-Anderson,Furniture,"594 Miller Shoals
Ericamouth, ND 89210"
2604,"Campbell, Howe and Hammond",Grocery,"01040 Dennis Turnpike
Lake Daisyville, ND 55027"
5832,Reid Inc,Restaurant,"PSC 8375, Box 3750
APO AE 39808"
5878,Palmer and Sons,Clothing,"496 Raymond Court Suite 288
Port Kimberly, GA 91556"
5245,"Thompson, Larson and Thompson",Electronics,"USNS Stafford
FPO AP 79788"
6033,"Simmons, Alvarez and Weeks",Entertainment,"44892 Alicia Glens
North Andrewville, RI 60897"
8306,Cuevas-Watson,Clothing,"Unit 2025 Box 1770
DPO AP 90751"
9688,Davis-Stephenson,Furniture,"1184 Brown Estates
West Robertfort, NE 82334"
5956,Sanchez-Miller,Grocery,"298 Dawson Forge Apt. 744
New Zacharyville, MT 13365"
6992,Gonzales and Sons,Entertainment,"286 Alison Parkways Apt. 503
North Paulmouth, MD 93992"
8206,"Jackson, Jones and Odonnell",Furniture,"7069 Joanne Crossroad Suite 369
Hurstside, WA 87719"
6480,"Whitaker, Norris and Glenn",Grocery,"0346 Brianna Ford Suite 057
Stephaniehaven, SD 68368"
6987,Smith Inc,Electronics,"848 Hubbard Path
Gracetown, PW 03615"
1001,Marshall-Sawyer,Clothing,"8092 James Shores Apt. 802
South Samantha, MT 50663"
1665,"Rose, Beard and Robbins",Electronics,"679 Jessica Islands Suite 989
North Sharon, NH 69597"
6674,Coffey and Sons,Clothing,"87164 Rachel Corners Suite 502
Smithland, WV 44784"
7466,"Pearson, Cruz and Cook",Entertainment,"643 Ruben Underpass
Pachecoside, AL 90750"
6717,Watts Inc,Electronics,"09951 Brian Lane
South Rhondaview, WV 75272"
9620,"Christian, Davidson and Johnson",Entertainment,"5740 Garcia Fort Suite 471
Crystalfurt, MI 49046"
1350,Barrett and Sons,Electronics,"87327 Carter Plains Apt. 834
North Zachary, MP 53967"
5996,Chavez-Ramirez,Grocery,"885 Williams Burgs
Port Jessicahaven, NY 39799"
4630,Davis and Sons,Furniture,"58103 Andrea Lock
Justinton, ND 89059"
4246,Williams PLC,Restaurant,"582 Anthony Track Apt. 283
West Nina, NH 35783"
8375,Shelton-Bennett,Restaurant,"146 Warren Course Apt. 786
Robinsonchester, VA 80196"
9181,"Ponce, Heath and Peters",Electronics,"10355 Lynn Pines
Alvarezside, MD 10521"
9344,Cook-Knight,Clothing,"7505 Thomas Drive
Alexandriaview, MN 09223"
7352,"Allen, Young and Davis",Clothing,"29040 Austin Coves Apt. 525
Port Johnview, OH 93939"
4838,Price PLC,Clothing,"884 Joshua Cliff
South Franktown, MN 38977"
1870,"Torres, Herrera and Mcneil",Clothing,"7251 Neil Light
Jasmineland, RI 74966"
2058,Powell-Schroeder,Clothing,"0108 Derek Bypass Apt. 419
Teresaland, FM 68005"
1551,"Davis, Rocha and Liu",Electronics,"2798 Maria Manor Apt. 818
Williamstad, NH 07960"
5226,Gilbert-Martinez,Entertainment,"755 Jimmy Ferry Apt. 507
North Karenfurt, CA 60373"
5606,Gray-Mcdowell,Restaurant,"01850 William Isle
New Darrell, VT 90061"
3338,Scott-Clark,Electronics,"850 Kerri Lane Apt. 055
South Christina, LA 11205"
4521,Gordon-Phillips,Restaurant,"8521 Casey Mountains Suite 959
South William, ND 76427"
7941,Hughes-Donovan,Entertainment,"215 Joshua Branch Suite 912
Kathleenville, KY 64953"
7444,"Koch, Schmidt and Lewis",Electronics,"5516 Strickland Club Apt. 055
Smithfort, FM 51425"
6333,"Pearson, Davis and Atkins",Furniture,"3912 Michelle Drive
Rosetown, SC 37474"
4085,Anderson LLC,Electronics,"61469 Rhonda Plaza
Ashleyburgh, ME 68422"
7723,Rodriguez-Stewart,Grocery,"11964 Jeanne Fort Suite 568
Lake Jennifer, CA 32730"
1087,Rojas Inc,Electronics,"90784 Derrick Drives
Port Thomasbury, VA 96946"
2194,Hanson-Wilson,Clothing,"264 Patricia Rapid Suite 639
Lake Rickyshire, AS 54078"
5551,Lee Group,Clothing,"6208 Wright Street
Goodwintown, NY 26744"
5880,"Ortiz, Jones and Archer",Clothing,"4631 Robinson Road
Port Jesse, TX 66369"
2016,Leblanc-Miller,Grocery,"45215 Katherine Plain Apt. 262
South Dawn, AK 59603"
6514,"Richards, Gonzales and Howell",Restaurant,"PSC 1079, Box 7698
APO AE 15633"
9279,Obrien-Jenkins,Entertainment,"848 Lopez Road
Port Duanehaven, NC 64168"
2069,Huff Ltd,Restaurant,"132 Mark Points Apt. 051
Lake Danielleville, NH 75283"
7234,Carpenter-Burgess,Furniture,"34909 Eric Wells
Carterborough, NY 43542"
8983,Gutierrez-Henderson,Electronics,"75131 Lopez Lake Suite 693
Harrisville, AL 85129"
2841,Torres Group,Entertainment,"697 Patricia Plaza
Lisaberg, HI 44112"
9353,Robertson-Wallace,Entertainment,"72869 Russo Port Suite 004
New Kellytown, NC 05564"
5804,Rice-Jennings,Furniture,"47828 Pena Trail Apt. 231
Carpenterton, MH 65658"
8215,Lee-Silva,Grocery,"185 Melanie Haven Suite 883
Christinaburgh, GU 69733"
1557,"Williams, Perry and Flores",Clothing,"29576 Christopher Flat
Lambville, MO 32315"
9283,Garcia-Beck,Electronics,"832 Salas Radial Suite 264
East Kristinfort, AL 22861"
1007,"Foster, Vang and Galvan",Restaurant,"Unit 8199 Box 2069
DPO AE 65499"
3549,"Sullivan, Johnson and Ray",Electronics,"6085 Robert View
Timothychester, PR 73053"
5202,"Williams, Smith and Hart",Furniture,"525 Seth Lodge Apt. 435
Walkerfort, MO 36103"
2195,Warren and Sons,Entertainment,"09764 Murphy Ports
Smithhaven, MP 78336"
3074,Berg-Adams,Entertainment,"53241 West Run
Fisherport, AR 02550"
5899,Buck Group,Electronics,"62433 Sloan Meadows Apt. 504
Lopeztown, DC 82757"
5467,Ponce-Mahoney,Electronics,"760 Moore Pass Suite 673
Martinezbury, GA 15199"
5399,Lee LLC,Grocery,"4131 John Tunnel
Cynthiaburgh, IN 45235"
1375,Brown Group,Grocery,"702 John Unions Apt. 161
South Brianna, IL 62993"
2891,Turner-Jackson,Entertainment,"USNV Pierce
FPO AE 18538"
3538,Small-Gillespie,Clothing,"99599 Rivera Street Suite 655
Margaretmouth, RI 42904"
8296,Cross Group,Furniture,"6090 Stanton Loaf
North Karenborough, FL 21041"
7650,"Brown, Murray and Poole",Furniture,"6561 Julia Cape
South Jakechester, GA 47058"
7611,"Wright, Hernandez and Morgan",Clothing,"715 Johnson Village Apt. 968
Lake David, WY 49795"
6179,"Sullivan, Schaefer and Cochran",Electronics,"91121 Nguyen Radial Suite 137
South Aaron, SD 04811"
9200,Mann-Davis,Furniture,"934 James Ridge Apt. 962
Lake Brittany, SD 82687"
9106,Brooks and Sons,Restaurant,"28937 Eileen Path Suite 592
Thomasfurt, RI 52260"
1632,Dorsey-Watson,Grocery,"58001 Shelby Crossing Suite 211
Daltonberg, ND 36418"
8882,Briggs LLC,Clothing,"624 Walker Mission Suite 188
New Stephanieland, PR 59442"
9067,Garcia-Bowen,Clothing,"1346 Lindsey Summit Suite 014
West Sandraborough, NY 51989"
1754,Edwards and Sons,Furniture,"6274 Waters Forges Apt. 383
Jasonborough, UT 64441"
3279,Rodriguez PLC,Entertainment,"Unit 2631 Box 4523
DPO AE 52187"
9459,"Williams, Romero and Shaw",Entertainment,"52377 Peters Loaf
Jamesmouth, AR 47542"
3304,Massey Group,Electronics,"94047 Smith Forges Apt. 404
Curtisborough, WV 62620"
8497,Garcia-King,Restaurant,"26072 Jeffery Lakes
East Autumnmouth, NM 30959"
7590,"Brown, Jackson and Thomas",Restaurant,"5644 Tony View Suite 478
East Amanda, NJ 64774"
6533,Welch LLC,Restaurant,"27787 Morales Gateway Apt. 197
New Keith, KY 20417"
4057,Bowman Inc,Furniture,"6797 Elliott Drives Suite 944
Davisbury, ID 54348"
1223,Caldwell Inc,Restaurant,"36213 Flores Brook Suite 183
Hayeston, MT 89587"
3575,Doyle-Cook,Furniture,"52273 Zuniga Heights
East Robertberg, OR 44369"
1724,Sheppard-Russell,Electronics,"0536 Catherine Ramp
New Laurie, NM 06133"
6698,"Curtis, Anderson and Meadows",Clothing,"USCGC Phillips
FPO AP 04442"
9660,Schmidt-King,Entertainment,"22873 Clayton Overpass Suite 940
West Eugene, MO 94292"
6526,Turner-Rojas,Clothing,"826 Jimenez Mountain Apt. 437
North Lindseyberg, KS 62989"
7355,Davis LLC,Electronics,"USS Coleman
FPO AP 17205"
1585,"Wise, Dalton and Thomas",Restaurant,"0952 Stevens Route
New Vanessa, MH 88345"
6952,Evans PLC,Clothing,"036 Barr Trail
Port Nathanmouth, NM 48041"
8722,"Burton, Gonzalez and Oconnor",Restaurant,"866 Morgan Courts
Brentberg, TX 74797"
1856,Huerta-Nelson,Entertainment,"61102 Andrew Roads
Ericmouth, MS 14193"
7491,Mccarty Inc,Grocery,"3569 Christina Harbors
Klinemouth, OR 02025"
1125,"Sutton, Tran and Lowe",Grocery,"0557 Hunt Pine
Andrewsville, ID 50045"
1073,"James, Smith and Swanson",Electronics,"92484 John Cove Apt. 906
Dunnmouth, TN 04985"
2990,Rodriguez PLC,Entertainment,"93683 Ryan Gardens
Cherylton, OR 94708"
9025,"Gallegos, Olson and Pierce",Grocery,"910 Vanessa Center
Westton, DE 64597"
4179,Hall-Chavez,Restaurant,"9855 Matthew Burgs Suite 807
Arnoldville, GA 24386"
6511,Washington-Edwards,Furniture,"91404 Farmer Trafficway
Nathanside, UT 57926"
9154,Woods PLC,Restaurant,"22858 Chad Parkway
North Joseph, RI 88047"
5618,"Leon, Baxter and Jenkins",Electronics,"6899 Ryan Falls Suite 115
New Travis, TN 51157"
1113,Tucker Ltd,Entertainment,"045 Bianca Wells Suite 022
Hannahmouth, MN 50893"
4212,Jackson Inc,Electronics,"4769 Michelle Turnpike Suite 605
Coreytown, KY 34750"
7412,Watson Ltd,Restaurant,"926 Coleman Views
Port James, GA 53292"
4317,Molina-Cruz,Grocery,"41683 Andrew Cape Apt. 077
Melissatown, CT 52698"
9839,Rosario-Gordon,Clothing,"614 Jack Flat Suite 693
Murphyburgh, ID 56193"
3255,Sanchez Ltd,Grocery,"82216 Burns Village Suite 298
North Christopher, IN 96764"
2050,Daniel-Nichols,Furniture,"USNS Williamson
FPO AP 92274"
3711,"Barker, Dominguez and Williams",Entertainment,"707 Dixon Point
North Reneehaven, MA 18727"
4622,Nguyen-Richards,Restaurant,"687 Pamela Light
New David, TN 67676"
7936,"Johnson, White and Bennett",Entertainment,"78096 David Path Apt. 941
Peckland, AL 26918"
5177,Weber PLC,Clothing,"1967 Stephanie Summit Suite 289
East Joshua, ND 30884"
1913,"Scott, Mendez and Vazquez",Restaurant,"7202 Sharon Ridge
East Josephmouth, MT 34951"
8329,Griffin-Stewart,Furniture,"330 Caitlin Springs
East Tiffanymouth, VT 11915"
3176,"Wright, Morrison and Palmer",Clothing,"465 Elliott Terrace
New Mary, GA 86586"
8056,"Byrd, Ibarra and Collins",Clothing,"144 Andrew Crossroad
Alicetown, MT 26820"
5232,Johnson and Sons,Electronics,"0024 Tyler Roads Suite 956
East Sydney, MS 27917"
5381,"Hayes, Obrien and Mendoza",Grocery,"4399 Warren Estate
Lake Aliciatown, KS 03595"
6643,Gonzalez-David,Furniture,"86044 Michael Mission
Philipshire, NJ 76673"
6515,Johns Ltd,Clothing,"296 Riggs Grove
Davidhaven, IA 39419"
6798,"Hernandez, Jackson and Ortiz",Clothing,"55049 Robert Coves
East Joseton, AL 35238"
4331,Vasquez and Sons,Furniture,"7844 Hannah Expressway
Yangville, SC 59154"
2526,Parks Ltd,Furniture,"USS Lowe
FPO AE 34860"
2861,Craig Group,Restaurant,"678 Smith Fields Apt. 301
South Andrew, OK 68534"
7739,Pittman-Gomez,Furniture,"13711 Nicole Harbor
West Patriciafurt, PR 05381"
4029,"Hurley, Meyer and Moore",Entertainment,"51998 Deborah Lock
Turnerberg, PW 40763"
8512,"Smith, Miller and Pittman",Grocery,"746 Callahan Gateway
Williamview, DE 26631"
1196,"Rivera, Dennis and Morrow",Restaurant,"716 Cruz Freeway
South Adrianbury, AS 94533"
8483,Owens-Jordan,Furniture,"9573 Joseph Drive Apt. 394
Port Paul, VT 07290"
1883,"Hughes, West and Bradford",Clothing,"60846 Ramos Shore
Edwinside, WA 97598"
6735,"Allen, Walker and Brown",Entertainment,"466 Jay Garden Suite 268
Ortizton, WA 47778"
7459,Lowe-Baker,Restaurant,"74196 Barbara Garden
Johnsonfort, CA 54163"
7770,Murphy Group,Furniture,"22150 Gloria Walk
Lake Kelly, WV 48776"
7105,Sanchez and Sons,Entertainment,"3778 Mccullough Landing Suite 688
East Crystal, AZ 67049"
2431,"King, Wagner and Martinez",Electronics,"364 Alvarez Well Suite 503
South Michaelfort, MN 18572"
7233,"Barnes, Joyce and Morales",Restaurant,"248 Morales Crossing
North Kayla, NC 84132"
9635,Ellis-Gonzalez,Grocery,"792 Austin Coves Suite 361
Dennismouth, MP 90919"
5702,Wolfe LLC,Entertainment,"USNV Carey
FPO AA 52526"
9781,"Curtis, Haas and Day",Furniture,"957 Kenneth Roads Apt. 576
South Tylerport, CA 38310"
8181,Gray LLC,Entertainment,"98203 Henderson Gardens Suite 949
Stevenbury, NM 51779"
4524,Jackson-Fuentes,Grocery,"8344 Anthony Cliff
Ramirezview, MH 80410"
4888,"Wade, Smith and Alexander",Clothing,"396 Andrew Terrace Apt. 680
Justinhaven, DC 23836"
7856,"Lee, Ramos and Berg",Furniture,"0563 Davis Valley
Christianmouth, MS 66761"
1267,"Bates, Mullins and Nguyen",Restaurant,"701 Proctor Junctions
Lindsayfurt, DC 62856"
2814,Carson Ltd,Restaurant,"65471 Ashley Port
Beckchester, UT 76958"
1137,Hernandez-Guzman,Furniture,"7247 Whitney Union Suite 325
Port Tanyahaven, WV 18382"
5286,"Lin, Clayton and Davis",Clothing,"097 Thomas Courts
Jonathanborough, UT 22230"
4643,"Nelson, Conley and Gonzalez",Clothing,"USS Anderson
FPO AE 52070"
3195,"Ingram, Lee and Christian",Clothing,"022 Weiss Harbors Suite 888
Wilcoxton, DE 45961"
6116,Pugh-Wilson,Entertainment,"43574 Laura Loaf
New Tommytown, MT 49536"
2097,Bush-Sloan,Grocery,"248 Johnston Fall Apt. 321
Cainfurt, PW 89504"
5476,Williams-Salazar,Furniture,"9056 Norris Trafficway Suite 165
North Jacob, MI 81979"
4969,"Huang, Dominguez and Watson",Clothing,"6567 Love Canyon
North Lisa, CA 54887"
5700,Holland-Dixon,Restaurant,"066 Nicole Mall Suite 005
South Johnhaven, ME 54940"
7768,"Jordan, Lee and Lopez",Furniture,"8676 Jessica Forge Apt. 048
Alexanderstad, TN 10169"
6168,Jordan Inc,Entertainment,"54542 Robert Orchard
South Mikehaven, MI 48275"
9409,"Moore, Thompson and Thornton",Furniture,"USCGC Clark
FPO AA 12818"
9449,"Kirk, King and Hurst",Clothing,"7502 Garcia Fords Suite 103
Christinaberg, IL 96594"
7789,Brown Group,Electronics,"USS Hale
FPO AP 81178"
5754,"Flores, Lewis and James",Electronics,"340 Brian Stream Apt. 622
South Christopher, TX 64996"
3463,Ruiz PLC,Clothing,"9578 Alexander Ranch Apt. 464
Gomezland, CA 69724"
8609,White-Howard,Furniture,"PSC 5579, Box 7009
APO AE 13309"
2639,Cooper-Harding,Restaurant,"939 Evan Orchard Apt. 530
Jimmystad, MS 27794"
1589,"Pollard, Davis and Phillips",Clothing,"01875 Garrett Forest Suite 284
Brennanmouth, NV 85053"
4925,"Key, Robinson and Jones",Electronics,"896 Richardson Vista
North Jeffrey, KS 87359"
8986,"Young, King and Gordon",Entertainment,"61594 Tony Fork Suite 158
North Donald, NM 94212"
5117,Jackson-Pierce,Furniture,"126 Roberts Green Apt. 530
Coffeychester, FL 27290"
7537,Estes-Johnson,Electronics,"4563 Sandra Fort
Port Jodi, CA 58142"
4216,"Guzman, Perez and Thompson",Electronics,"52011 Joseph Burg
Brownville, PW 96100"
4980,Clark Group,Furniture,"61754 Wright Point
Port Laura, NM 24639"
6054,Wong-Reed,Grocery,"USCGC Bryan
FPO AP 51025"
5768,Thompson Group,Electronics,"333 Livingston Alley Apt. 389
Angelabury, UT 31931"
9413,"Sandoval, Thornton and Edwards",Entertainment,"54574 Joshua Falls Apt. 752
Jimenezmouth, IN 20633"
5287,White-Edwards,Restaurant,"890 Mccullough River Suite 976
Robertsmouth, LA 42521"
1108,Cohen-Liu,Entertainment,"6289 Michelle Roads
Hamiltonshire, VT 83879"
2718,Brown LLC,Grocery,"Unit 9274 Box 1695
DPO AP 93416"
3113,"Miller, Pope and Shannon",Electronics,"21866 James Neck
West Joshua, IL 69102"
9870,Taylor-Rogers,Restaurant,"595 Brenda Stream
Gomezshire, AK 94807"
1386,Rodgers and Sons,Furniture,"USNS Burke
FPO AA 84315"
6713,"Johnson, Roberts and Kelley",Electronics,"USNV Kirby
FPO AP 45772"
3620,Wright-Griffin,Entertainment,"13608 Williams Causeway Apt. 535
Port Davidfurt, NJ 66268"
6138,"Walker, Rodriguez and Martin",Clothing,"3519 Lamb Views Apt. 823
Lake Nancy, TN 17605"
5085,Schmidt Group,Electronics,"98923 Marilyn Turnpike Suite 474
Reyesville, VA 38925"
9885,"Carrillo, Vasquez and Brown",Clothing,"4143 Garcia Summit
East Stephanie, NM 28817"
3813,Valentine-Johnson,Entertainment,"942 Daniel Shoals Apt. 703
Port Gregfort, GU 77012"
8879,Brooks-Davis,Furniture,"3875 Anthony Overpass Suite 646
East Alexanderland, SC 68698"
1941,"Parker, Martinez and Vance",Entertainment,"706 Erica Manors Apt. 281
Pageshire, MO 59049"
1016,"Miller, Gonzalez and Morrow",Grocery,"99311 Spears Turnpike
North Sarahhaven, NV 97656"
